库编号,统一编号,保存单位,品种名称,译名,科名,属名,学名,系谱,育成年限,原产地,高程,东经,北纬,来源国,芒,壳色,粒色,冬春性,成熟期,穗粒数,穗长,株高,千粒重,粗蛋白,赖氨酸,沉淀值,硬度,容重,抗旱性,耐涝性,芽期耐盐,苗期耐盐,田间抗寒性,人工抗寒性,条锈严重度,条锈反应型,条锈普遍率,叶锈严重度,叶锈反应型,叶锈普遍率,秆锈严重度,秆锈反应型,秆锈普遍率,白粉严重度,白粉反应型,黄矮病,赤霉病病穗,赤霉病病指,赤霉病指数,赤霉病抗性,根腐叶病级,根腐穗病级,其它,省,样品类型
I1B06439,MY000001,陕023,无,(A)阿彭13,Gramineae(禾本科),Triticum L.(小麦属),Triticum aestivum L.(普通小麦),无,无,无,无,无,无,无,长,白,红,弱冬,中,无,无,85,无,11.63,0.37,26.8,31.8,无,3,无,无,无,无,无,10,MS,100,40,MS,100,100,S,100,6,4,2,100,90.8,5,S,MR,R,无,国外,国外
I1B04580,MY000002,京11595,无,短白穗,Gramineae(禾本科),Triticum L.(小麦属),Triticum aestivum L.(普通小麦),无,无,无,无,无,无,无,长,红,红,春,晚,无,无,70,无,无,无,无,无,无,2,无,无,无,无,无,40,MS,100,5,MS,100,5,MS,30,5,3,6,100,100,5,S,S,R,无,国外,国外
I1B07756,MY000003,京10008,无,奥室3号,Gramineae(禾本科),Triticum L.(小麦属),Triticum aestivum L.(普通小麦),无,无,朝鲜,无,无,无,无,长,白,红,强冬,极早,无,无,100,无,15.13,0.4,无,16.2,无,4,无,无,无,无,无,100,S,100,5,MS,100,80,S,100,7,4,7,100,62.5,4.6,S,S,R,无,国外,国外
I1B07757,MY000004,京10096,オクコムギ,奥小麦,Gramineae(禾本科),Triticum L.(小麦属),Triticum aestivum L.(普通小麦),无,无,日本,无,无,无,无,无,红,红,冬,早,无,无,92,无,16.32,0.43,无,27.5,无,3,无,无,无,无,无,25,S,80,5,S,100,80,S,100,6,4,4,100,79.2,4.7,S,MR,R,无,国外,国外
I1B07758,MY000005,京10019,无,(B)白荚茨城2号,Gramineae(禾本科),Triticum L.(小麦属),Triticum aestivum L.(普通小麦),无,无,日本,无,无,无,无,无,白,白,冬,早,无,无,100,无,16.95,0.42,无,14.7,无,3,无,无,无,无,无,80,S,100,5,S,100,80,S,100,7,4,7,100,76.7,4.7,S,S,R,无,国外,国外
I1B04808,MY000006,京10020,シラサギコムギ,白鹭小麦,Gramineae(禾本科),Triticum L.(小麦属),Triticum aestivum L.(普通小麦),无,无,日本,无,无,无,无,长,白,红,春,早,无,无,84,无,13.51,0.39,无,无,无,无,无,无,无,无,无,2,R,2,40,S,100,无,0,无,5,3,4,100,98.3,5,S,S,R,无,国外,国外
I1B10428,MY000007,黑74-0109,无,白岩1号,Gramineae(禾本科),Triticum L.(小麦属),Triticum aestivum L.(普通小麦),无,无,朝鲜,无,无,无,无,长,白,红,春,无,无,无,88,无,16.4,0.43,32.2,24.8,无,4,无,无,无,无,无,25,S,100,无,0,无,40,MS,100,4,3,5,100,98.3,4.9,S,MR,MR,无,国外,国外
I1B07759,MY000008,京11599,无,变异系统7号,Gramineae(禾本科),Triticum L.(小麦属),Triticum aestivum L.(普通小麦),无,无,朝鲜,无,无,无,无,顶,红,红,冬,中,无,无,100,无,15.03,0.41,无,25.1,无,3,无,无,无,无,无,80,S,100,5,S,100,65,S,100,5,3,5,100,79.2,4.7,S,S,R,无,国外,国外
I1B07760,MY000009,京11600,无,变异系统55,Gramineae(禾本科),Triticum L.(小麦属),Triticum aestivum L.(普通小麦),无,无,朝鲜,无,无,无,无,顶,白,红,冬,中,无,无,70,无,无,无,无,无,无,无,无,无,无,无,无,10,R,10,65,S,100,100,S,100,3,2,7,100,75,4.7,S,S,R,无,国外,国外
I1B00186,MY000010,京11601,无,变异系统173,Gramineae(禾本科),Triticum L.(小麦属),Triticum aestivum L.(普通小麦),无,无,朝鲜,无,无,无,无,长,白,红,冬,极早,无,无,90,无,无,无,无,无,无,无,无,无,无,无,无,无,无,无,无,无,无,无,无,无,无,无,无,无,无,无,无,无,无,无,国外,国外
I1B00187,MY000011,京11602,无,变异系统801,Gramineae(禾本科),Triticum L.(小麦属),Triticum aestivum L.(普通小麦),无,无,朝鲜,无,无,无,无,长,白,红,冬,极早,无,无,99,无,无,无,无,无,无,无,无,无,无,无,无,无,无,无,无,无,无,无,无,无,无,无,无,无,无,无,无,无,无,无,国外,国外
I1B07761,MY000012,京11603,无,变异系统1996,Gramineae(禾本科),Triticum L.(小麦属),Triticum aestivum L.(普通小麦),无,无,朝鲜,无,无,无,无,长,白,红,冬,中,无,无,100,无,15.35,0.42,无,15.4,无,3,无,无,无,无,无,80,S,100,10,S,100,80,S,100,7,4,5,100,79.2,4.7,S,S,R,无,国外,国外
I1B10429,MY000013,黑74-0107,无,(C)朝鲜69-1,Gramineae(禾本科),Triticum L.(小麦属),Triticum aestivum L.(普通小麦),无,无,朝鲜,无,无,无,无,长,白,红,春,无,无,无,130,无,无,无,无,无,无,无,无,无,无,无,无,无,无,无,无,无,无,无,无,无,无,无,无,无,无,无,无,无,无,无,国外,国外
I1B10430,MY000014,黑74-0111,无,朝鲜520,Gramineae(禾本科),Triticum L.(小麦属),Triticum aestivum L.(普通小麦),无,无,朝鲜,无,无,无,无,长,白,红,春,无,无,无,100,无,无,无,19,70.6,无,1,无,无,无,无,无,80,S,100,无,0,无,40,S,100,7,4,4,100,78.3,4.7,S,MS,R,无,国外,国外
I1B10431,MY000015,黑74-0113,无,朝鲜851,Gramineae(禾本科),Triticum L.(小麦属),Triticum aestivum L.(普通小麦),无,无,朝鲜,无,无,无,无,无,白,红,春,无,无,无,100,无,无,无,32.4,87.8,无,1,无,无,无,无,无,40,S,100,无,0,无,100,S,100,6,3,5,100,78.3,4.7,S,MS,S,无,国外,国外
I1B00489,MY000016,京10077,无,赤达摩,Gramineae(禾本科),Triticum L.(小麦属),Triticum aestivum L.(普通小麦),无,无,日本,无,无,无,无,长,红,红,春,晚,无,无,98,无,无,无,无,无,无,无,无,无,无,无,无,无,无,无,无,无,无,无,无,无,无,无,无,无,无,无,无,无,无,无,国外,国外
I1B07948,MY000017,京10078,赤坊主,chi fang zhu,Gramineae(禾本科),Triticum L.(小麦属),Triticum aestivum L.(普通小麦),无,无,日本,无,无,无,无,顶,红,红,弱冬,中,无,无,109,无,无,无,无,47.1,无,5,无,无,无,无,无,40,S,100,5,S,100,100,S,100,5,4,4,73.3,37.5,4.1,S,MR,R,无,国外,国外
I1B20130,MY000018,京10076,无,赤皮赤,Gramineae(禾本科),Triticum L.(小麦属),Triticum aestivum L.(普通小麦),无,无,日本,无,无,无,无,长,红,红,冬,中,无,无,130,无,15.78,0.39,无,23.9,无,3,无,无,无,无,无,25,MS,100,10,MS,100,80,S,100,6,4,4,100,79.2,4.7,S,MS,R,无,国外,国外
I1B04809,MY000019,京10075,无,赤小麦,Gramineae(禾本科),Triticum L.(小麦属),Triticum aestivum L.(普通小麦),无,无,日本,无,无,无,无,长,红,红,春,中,无,无,100,无,14.19,0.41,无,无,无,无,无,无,无,无,无,25,S,50,10,MS,100,80,S,100,8,4,6,100,65,4.6,S,S,无,无,国外,国外
I1B07949,MY000020,京10079,赤锈不知1号,chi xiu bu zhi 1 hao,Gramineae(禾本科),Triticum L.(小麦属),Triticum aestivum L.(普通小麦),无,无,日本,无,无,无,无,无,红,红,强冬,中,无,无,105,无,无,无,无,19.3,无,1,无,无,无,无,无,40,MS,100,80,MS,100,80,S,100,6,4,5,100,86.7,4.8,S,MR,R,无,国外,国外
I1B06553,MY000021,陕028,无,科路加,Gramineae(禾本科),Triticum L.(小麦属),Triticum aestivum L.(普通小麦),无,无,日本,无,无,无,无,无,红,白,春,中,无,无,105,无,11.22,0.38,15.9,22.4,无,1,无,无,无,无,无,40,MS,100,10,S,100,100,S,100,2,3,6,100,95.8,5,S,MS,R,无,国外,国外
I1B04810,MY000022,京10013,ァヌト,(D)大和小麦,Gramineae(禾本科),Triticum L.(小麦属),Triticum aestivum L.(普通小麦),无,无,日本,无,无,无,无,长,白,红,春,中,无,无,70,无,14.05,0.38,无,12.4,无,无,无,无,无,无,无,25,S,50,10,MS,100,40,S,100,7,4,6,100,59.2,4.5,S,MS,无,无,国外,国外
I1B00128,MY000023,京10866,无,丹字麦,Gramineae(禾本科),Triticum L.(小麦属),Triticum aestivum L.(普通小麦),无,无,美国,无,无,无,无,无,无,红,冬,中,无,无,119,无,无,无,无,无,无,无,无,无,无,无,无,无,无,无,无,无,无,无,无,无,无,无,无,无,无,无,无,无,无,无,国外,国外
I1B27444,MY000024,京10009,无,道洛格,Gramineae(禾本科),Triticum L.(小麦属),Triticum aestivum L.(普通小麦),无,无,朝鲜,无,无,无,无,长,白,红,强冬,中,无,无,129,无,无,无,无,无,无,5,无,无,无,无,无,无,无,无,无,无,无,无,无,无,无,无,无,无,无,无,无,无,无,无,国外,国外
I1B06440,MY000025,陕011,无,有蜡小麦,Gramineae(禾本科),Triticum L.(小麦属),Triticum aestivum L.(普通小麦),无,无,无,无,无,无,无,长,白,红,春,中,无,无,73,无,10.67,0.38,17,44.6,无,4,无,无,无,5,5,40,MR,100,无,0,无,80,S,100,5,3,7,100,92.5,5,S,MS,MR,无,国外,国外
I1B27332,MY000026,陕012,无,无蜡小麦,Gramineae(禾本科),Triticum L.(小麦属),Triticum aestivum L.(普通小麦),无,无,无,无,无,无,无,长,红,红,春,中,无,无,95,无,11.36,0.39,23,38.9,无,4,无,无,无,无,无,65,MS,100,无,0,无,80,S,100,4,3,4,100,96.7,5,S,MR,R,无,国外,国外
I1B06441,MY000027,陕A13,无,代维维尔,Gramineae(禾本科),Triticum L.(小麦属),Triticum aestivum L.(普通小麦),无,无,无,无,无,无,无,无,红,红,春,中,无,无,98,无,11.99,0.39,16,38.7,无,4,无,无,无,无,无,10,R,100,5,MS,100,100,S,100,3,3,4,100,95,5,S,R,无,无,国外,国外
I1B07950,MY000028,京10017,无,(F)分枝小麦,Gramineae(禾本科),Triticum L.(小麦属),Triticum aestivum L.(普通小麦),无,无,日本,无,无,无,无,长,红,红,弱冬,早,无,无,120,无,15.45,0.42,无,41,无,5,无,无,无,无,无,40,S,100,5,S,100,100,S,100,6,4,5,100,90,4.9,S,S,R,无,国外,国外
I1B07763,MY000029,京10090,フルツ1,富禄兹1号,Gramineae(禾本科),Triticum L.(小麦属),Triticum aestivum L.(普通小麦),无,无,日本,无,无,无,无,无,白,红,冬,中,无,无,125,无,17.11,0.45,无,15.7,无,3,无,无,无,无,无,65,S,100,40,S,100,100,S,100,7,4,5,100,75,4.7,S,MR,R,无,国外,国外
I1B07764,MY000030,京10022,ヒカソコムギ,(G)光小麦,Gramineae(禾本科),Triticum L.(小麦属),Triticum aestivum L.(普通小麦),无,无,日本,无,无,无,无,无,红,红,冬,早,无,无,86,无,15.57,0.41,无,14.2,无,3,无,无,无,无,无,80,S,100,25,S,100,80,S,100,7,4,7,100,91.7,5,S,S,R,无,国外,国外
I1B00188,MY000031,京11604,无,(H)海洲早麦,Gramineae(禾本科),Triticum L.(小麦属),Triticum aestivum L.(普通小麦),无,无,朝鲜,无,无,无,无,长,白,红,冬,早,无,无,110,无,无,无,无,无,无,无,无,无,无,无,无,无,无,无,无,无,无,无,无,无,无,无,无,无,无,无,无,无,无,无,国外,国外
I1B07765,MY000032,京10097,无,横泽,Gramineae(禾本科),Triticum L.(小麦属),Triticum aestivum L.(普通小麦),无,无,日本,无,无,无,无,长,白,红,冬,中,无,无,124,无,19.18,0.49,无,26.5,无,3,无,无,无,无,无,65,S,100,80,S,100,65,S,100,5,3,7,100,83.3,4.8,S,MR,R,无,国外,国外
I1B00559,MY000033,京10095,无,桦太3号,Gramineae(禾本科),Triticum L.(小麦属),Triticum aestivum L.(普通小麦),无,无,日本,无,无,无,无,长,红,红,弱冬,早,无,无,113,无,无,无,无,无,无,无,无,无,无,无,无,无,无,无,无,无,无,无,无,无,无,无,无,无,无,无,无,无,无,无,国外,国外
I1B00560,MY000034,京10091,ェビスコムギ,惠比须小麦,Gramineae(禾本科),Triticum L.(小麦属),Triticum aestivum L.(普通小麦),无,无,日本,无,无,无,无,长,白,红,弱冬,中,无,无,89,无,无,无,无,无,无,无,无,无,无,无,无,无,无,无,无,无,无,无,无,无,无,无,无,无,无,无,无,无,无,无,国外,国外
I1B03523,MY000035,苏10050,无,(J)江岛神力,Gramineae(禾本科),Triticum L.(小麦属),Triticum aestivum L.(普通小麦),无,无,日本,无,无,无,无,顶,白,红,冬,晚,无,无,120,无,无,无,无,无,无,4,无,无,无,无,无,25,MS,50,80,S,100,25,MS,80,5,4,4,90,65,4.2,S,MR,R,无,国外,国外
I1B00189,MY000036,京11605,无,江育10号,Gramineae(禾本科),Triticum L.(小麦属),Triticum aestivum L.(普通小麦),无,无,朝鲜,无,无,无,无,长,白,红,冬,极早,无,无,100,无,无,无,无,无,无,无,无,无,无,无,无,无,无,无,无,无,无,无,无,无,无,无,无,无,无,无,无,无,无,无,国外,国外
I1B03524,MY000037,苏74-743,无,(K)库阿捷尔那,Gramineae(禾本科),Triticum L.(小麦属),Triticum aestivum L.(普通小麦),无,无,无,无,无,无,无,长,白,无,弱冬,无,无,无,无,无,10.44,0.33,无,29.6,无,5,无,无,无,无,无,10,MR,10,40,MS,100,40,S,100,5,4,4,100,89,4.7,S,S,R,无,国外,国外
I1B03525,MY000038,苏10063,无,魁小麦,Gramineae(禾本科),Triticum L.(小麦属),Triticum aestivum L.(普通小麦),无,无,日本,无,无,无,无,长,红,红,春,早,无,无,80,无,12.07,0.38,无,无,无,3,2,无,无,无,无,40,MS,50,60,MS,100,65,S,100,6,4,4,100,56,4.1,S,S,R,无,国外,国外
I1B00033,MY000039,京10089,无,(L)枥木赤幌1号,Gramineae(禾本科),Triticum L.(小麦属),Triticum aestivum L.(普通小麦),无,无,日本,无,无,无,无,长,红,红,冬,极早,无,无,139,无,无,无,无,无,无,无,无,无,无,无,无,无,无,无,无,无,无,无,无,无,无,无,无,无,无,无,无,无,无,无,国外,国外
I1B00005,MY000040,京10016,ムツべンヶィ,六变形,Gramineae(禾本科),Triticum L.(小麦属),Triticum aestivum L.(普通小麦),无,无,日本,无,无,无,无,无,红,红,冬,早,无,无,100,无,17.16,0.45,无,23.3,无,4,无,无,无,无,无,65,S,100,10,S,100,80,S,100,6,4,7,100,80.8,4.7,S,MR,R,无,国外,国外
I1B03526,MY000041,苏10051,无,露6号,Gramineae(禾本科),Triticum L.(小麦属),Triticum aestivum L.(普通小麦),无,无,日本,无,无,无,无,顶,白,红,冬,晚,无,无,115,无,无,无,无,11.4,无,3,无,无,无,无,无,65,S,100,60,MS,100,40,S,100,4,3,4,95,80,4.7,S,R,R,无,国外,国外
I1B04582,MY000042,京11598,无,(M)美乐兰,Gramineae(禾本科),Triticum L.(小麦属),Triticum aestivum L.(普通小麦),无,无,无,无,无,无,无,长,白,红,春,中,无,无,78,无,无,无,无,无,无,无,无,无,无,无,无,无,无,无,无,无,无,无,无,无,无,无,无,无,无,无,无,无,无,无,国外,国外
I1B00030,MY000043,京10082,无,明光小麦,Gramineae(禾本科),Triticum L.(小麦属),Triticum aestivum L.(普通小麦),无,无,日本,无,无,无,无,长,红,红,冬,极早,无,无,86,无,无,无,无,无,无,无,无,无,无,无,无,无,无,无,无,无,无,无,无,无,无,无,无,无,无,无,无,无,无,无,国外,国外
I1B00031,MY000044,京10085,无,(N)南布小麦,Gramineae(禾本科),Triticum L.(小麦属),Triticum aestivum L.(普通小麦),无,无,日本,无,无,无,无,无,红,红,冬,早,无,无,100,无,无,无,无,28.8,无,3,5,无,无,无,无,65,S,100,80,MS,100,40,S,100,6,4,4,100,79.2,4.7,S,MS,R,无,国外,国外
I1B04811,MY000045,京10025,农林1号,nong lin 1 hao,Gramineae(禾本科),Triticum L.(小麦属),Triticum aestivum L.(普通小麦),无,无,日本,无,无,无,无,长,白毛,红,春,中,无,无,80,无,13.3,0.39,无,无,无,无,3,无,无,无,无,40,S,50,80,MS,100,65,S,100,8,4,6,100,100,5,S,MS,MS,无,国外,国外
I1B00009,MY000046,京10026,农林2号,nong lin 2 hao,Gramineae(禾本科),Triticum L.(小麦属),Triticum aestivum L.(普通小麦),无,无,日本,无,无,无,无,黑长,黑白,红,强冬,中,无,无,122,无,无,无,无,无,无,无,无,无,无,无,无,无,无,无,无,无,无,无,无,无,无,无,无,无,无,无,无,无,无,无,国外,国外
I1B04581,MY000047,京11606,农林3号,nong lin 3 hao,Gramineae(禾本科),Triticum L.(小麦属),Triticum aestivum L.(普通小麦),无,无,日本,无,无,无,无,长,白,红,春,极晚,无,无,130,无,无,无,无,无,无,无,无,无,无,无,无,无,无,无,无,无,无,无,无,无,无,无,无,无,无,无,无,无,无,无,国外,国外
I1B00561,MY000048,京11607,农林4号,nong lin 4 hao,Gramineae(禾本科),Triticum L.(小麦属),Triticum aestivum L.(普通小麦),无,无,日本,无,无,无,无,顶,白,红,弱冬,早,无,无,80,无,15.61,0.41,无,无,无,5,无,无,无,无,无,25,MR,50,5,MS,100,10,MS,100,8,4,6,100,79.2,4.7,S,S,R,无,国外,国外
I1B00562,MY000049,京10027,农林5号,nong lin 5 hao,Gramineae(禾本科),Triticum L.(小麦属),Triticum aestivum L.(普通小麦),无,无,日本,无,无,无,无,长,红,红,弱冬,早,无,无,100,无,无,无,无,无,无,无,无,无,无,无,无,无,无,无,无,无,无,无,无,无,无,无,无,无,无,无,无,无,无,无,国外,国外
I1B07951,MY000050,京10028,农林6号,nong lin 6 hao,Gramineae(禾本科),Triticum L.(小麦属),Triticum aestivum L.(普通小麦),无,无,日本,无,无,无,无,长,白毛,红,强冬,中,无,无,80,无,无,无,无,32.5,无,5,无,无,无,无,无,25,S,80,5,MS,100,80,S,100,7,4,6,100,100,5,S,S,R,无,国外,国外
I1B00563,MY000051,京10029,农林7号,hong lin 7 hao,Gramineae(禾本科),Triticum L.(小麦属),Triticum aestivum L.(普通小麦),无,无,日本,无,无,无,无,顶,白毛,红,弱冬,早,无,无,90,无,无,无,无,无,无,无,无,无,无,无,无,无,无,无,无,无,无,无,无,无,无,无,无,无,无,无,无,无,无,无,国外,国外
I1B00010,MY000052,京10030,农林8号,nong lin 8 hao,Gramineae(禾本科),Triticum L.(小麦属),Triticum aestivum L.(普通小麦),无,无,日本,无,无,无,无,长,白,白,强冬,中,无,无,123,无,无,无,无,13.3,无,4,无,无,无,无,无,25,MS,80,80,MS,100,80,S,100,6,4,7,100,86.7,4.8,S,MS,R,无,国外,国外
I1B07952,MY000053,京10031,农林9号,nong lin 9 hao,Gramineae(禾本科),Triticum L.(小麦属),Triticum aestivum L.(普通小麦),无,无,日本,无,无,无,无,长,红,红,弱冬,早,无,无,105,无,无,无,无,16.7,无,3,无,无,无,无,无,25,S,80,25,S,100,100,S,100,8,4,7,93.3,53.3,4.4,S,MR,R,无,国外,国外
I1B07953,MY000054,京10032,农林10号,nong lin 10 hao,Gramineae(禾本科),Triticum L.(小麦属),Triticum aestivum L.(普通小麦),无,无,日本,无,无,无,无,长,白,红,冬,中,无,无,65,无,无,无,无,17.5,无,4,5,无,无,无,无,25,S,80,65,S,100,80,S,100,7,4,4,100,88.3,4.8,S,S,R,无,国外,国外
I1B00011,MY000055,京10033,农林12,nong lin 12,Gramineae(禾本科),Triticum L.(小麦属),Triticum aestivum L.(普通小麦),无,无,日本,无,无,无,无,长,白,白,冬,中,无,无,136,无,无,无,无,无,无,无,无,无,无,无,无,无,无,无,无,无,无,无,无,无,无,无,无,无,无,无,无,无,无,无,国外,国外
I1B07954,MY000056,京10034,农林13,nong lin 13,Gramineae(禾本科),Triticum L.(小麦属),Triticum aestivum L.(普通小麦),无,无,日本,无,无,无,无,无,白,白,冬,早,无,无,98,无,无,无,无,14.1,无,4,无,无,无,无,无,25,S,80,10,S,100,100,S,100,6,4,6,100,78.3,4.7,S,S,R,无,国外,国外
I1B00012,MY000057,京10035,农林15,nong lin 15,Gramineae(禾本科),Triticum L.(小麦属),Triticum aestivum L.(普通小麦),无,无,日本,无,无,无,无,长,白,红,冬,极早,无,无,125,无,15.92,0.43,无,25.5,无,3,无,无,无,无,无,65,S,100,40,S,100,80,S,100,7,4,6,100,90,4.9,S,S,R,无,国外,国外
I1B00190,MY000058,京11608,农林16,nong lin 16,Gramineae(禾本科),Triticum L.(小麦属),Triticum aestivum L.(普通小麦),无,无,日本,无,无,无,无,长,白,红,冬,早,无,无,70,无,无,无,无,无,无,无,无,无,无,无,无,无,无,无,无,无,无,无,无,无,无,无,无,无,无,无,无,无,无,无,国外,国外
I1B00565,MY000059,京10036,农林18,nong lin 18,Gramineae(禾本科),Triticum L.(小麦属),Triticum aestivum L.(普通小麦),无,无,日本,无,无,无,无,长,白毛,红,弱冬,早,无,无,77,无,无,无,无,无,无,无,无,无,无,无,无,无,无,无,无,无,无,无,无,无,无,无,无,无,无,无,无,无,无,无,国外,国外
I1B04583,MY000060,京11588,农林20,nong lin 20,Gramineae(禾本科),Triticum L.(小麦属),Triticum aestivum L.(普通小麦),无,无,日本,无,无,无,无,长,红,红,春,中,无,无,90,无,14.97,0.42,无,无,无,5,3,无,无,无,无,80,S,100,10,MS,100,80,S,100,8,4,6,100,81.7,4.7,S,S,R,无,国外,国外
I1B07766,MY000061,京10037,农林22,nong lin 22,Gramineae(禾本科),Triticum L.(小麦属),Triticum aestivum L.(普通小麦),无,无,日本,无,无,无,无,无,红,红,冬,早,无,无,104,无,无,无,无,无,无,无,无,无,无,无,无,无,无,无,无,无,无,无,无,无,无,无,无,无,无,无,无,无,无,无,国外,国外
I1B00013,MY000062,京10038,农林24,nong lin 24,Gramineae(禾本科),Triticum L.(小麦属),Triticum aestivum L.(普通小麦),无,无,日本,无,无,无,无,无,红,红,冬,极早,无,无,99,无,无,无,无,无,无,无,4,无,无,无,无,无,无,无,无,无,无,无,无,无,无,无,无,无,无,无,无,无,无,无,国外,国外
I1B07955,MY000063,京10039,农林25,nong lin 25,Gramineae(禾本科),Triticum L.(小麦属),Triticum aestivum L.(普通小麦),无,无,日本,无,无,无,无,短,红,红,冬,早,无,无,85,无,无,无,无,25.1,无,3,无,无,无,无,无,40,S,80,25,S,100,80,S,100,6,4,6,100,78.3,4.7,S,S,R,无,国外,国外
I1B07956,MY000064,京11589,农林26,nong lin 26,Gramineae(禾本科),Triticum L.(小麦属),Triticum aestivum L.(普通小麦),无,无,日本,无,无,无,无,长,白,红,弱冬,早,无,无,无,无,无,无,无,34.8,无,4,无,无,无,无,无,25,MS,50,80,S,100,40,S,100,6,4,4,90,54.2,4.4,S,MR,R,无,国外,国外
I1B07957,MY000065,京10040,农林27,nong lin 27,Gramineae(禾本科),Triticum L.(小麦属),Triticum aestivum L.(普通小麦),无,无,日本,无,无,无,无,长,红,红,冬,早,无,无,115,无,无,无,无,28.9,无,2,无,无,无,无,无,65,MS,80,5,MS,100,80,S,100,7,4,5,100,89.2,4.8,S,S,R,无,国外,国外
I1B00566,MY000066,京11590,农林29,nong lin 29,Gramineae(禾本科),Triticum L.(小麦属),Triticum aestivum L.(普通小麦),无,无,日本,无,无,无,无,长,白,红,春,中,无,无,110,无,无,无,无,无,无,无,无,无,无,无,无,无,无,无,无,无,无,无,无,无,无,无,无,无,无,无,无,无,无,无,国外,国外
I1B00014,MY000067,京10041,农林31,nong lin 31,Gramineae(禾本科),Triticum L.(小麦属),Triticum aestivum L.(普通小麦),无,无,日本,无,无,无,无,长,红,红,强冬,中,无,无,95,无,无,0.49,无,18.8,无,5,4,无,无,无,无,40,S,100,5,MS,40,100,S,100,5,4,3,100,85.6,4.6,S,MR,无,无,国外,国外
I1B07958,MY000068,京10042,农林32,nong lin 32,Gramineae(禾本科),Triticum L.(小麦属),Triticum aestivum L.(普通小麦),无,无,日本,无,无,无,无,长,白,红,弱冬,中,无,无,90,无,无,无,无,24.5,无,5,无,无,无,无,无,40,S,80,65,S,100,80,S,100,9,4,6,100,80.8,4.7,S,MS,R,无,国外,国外
I1B07959,MY000069,京10043,农林33,nong lin 33,Gramineae(禾本科),Triticum L.(小麦属),Triticum aestivum L.(普通小麦),无,无,日本,无,无,无,无,长,白毛,红,弱冬,晚,无,无,90,无,无,无,无,48.3,无,5,无,无,无,无,无,25,S,80,5,S,100,80,S,100,8,4,4,73.3,34.2,4.1,S,S,R,无,国外,国外
I1B04584,MY000070,京11609,农林34,nong lin 34,Gramineae(禾本科),Triticum L.(小麦属),Triticum aestivum L.(普通小麦),无,无,日本,无,无,无,无,长,红,红,春,中,无,无,98,无,16.42,0.45,无,无,无,5,3,无,无,无,无,80,S,100,5,S,100,100,S,100,9,4,6,100,75.8,4.7,S,S,R,无,国外,国外
I1B07960,MY000071,京11610,农林35,nong lin 35,Gramineae(禾本科),Triticum L.(小麦属),Triticum aestivum L.(普通小麦),无,无,日本,无,无,无,无,长,白,红,弱冬,中,无,无,100,无,无,无,无,16,无,5,无,无,无,无,无,无,无,无,5,S,100,无,无,无,6,4,无,100,73.3,4.7,S,MS,R,无,国外,国外
I1B07961,MY000072,京10044,农林36,nong lin 36,Gramineae(禾本科),Triticum L.(小麦属),Triticum aestivum L.(普通小麦),无,无,日本,无,无,无,无,长,红,红,弱冬,中,无,无,114,无,无,无,无,40.8,无,5,无,无,无,无,无,65,S,100,65,MS,100,100,S,100,7,4,4,66.7,32.5,4,MS,MS,R,无,国外,国外
I1B00569,MY000073,京10045,农林37,nong lin 37,Gramineae(禾本科),Triticum L.(小麦属),Triticum aestivum L.(普通小麦),无,无,日本,无,无,无,无,长,红,红,弱冬,早,无,无,118,无,无,无,无,无,无,无,无,无,无,无,无,65,S,100,65,S,100,100,S,100,6,4,3,100,62.5,4.3,S,MS,R,无,国外,国外
I1B07767,MY000074,京10046,农林38,nong lin 38,Gramineae(禾本科),Triticum L.(小麦属),Triticum aestivum L.(普通小麦),无,无,日本,无,无,无,无,短,红,红,强冬,中,无,无,113,无,16.35,0.42,无,17.9,无,3,无,无,无,无,无,80,S,100,10,S,100,80,S,100,7,4,7,100,89.2,4.8,S,S,R,无,国外,国外
I1B00015,MY000075,京10047,农林39,nong lin 39,Gramineae(禾本科),Triticum L.(小麦属),Triticum aestivum L.(普通小麦),无,无,日本,无,无,无,无,无,白,红,强冬,早,无,无,116,无,无,无,无,无,无,无,无,无,无,无,无,无,无,无,无,无,无,无,无,无,无,无,无,无,无,无,无,无,无,无,国外,国外
I1B04812,MY000076,京10048,农林40,nong lin 40,Gramineae(禾本科),Triticum L.(小麦属),Triticum aestivum L.(普通小麦),无,无,日本,无,无,无,无,无,白,红,春,晚,无,无,102,无,14.55,0.37,无,无,无,无,无,无,无,无,无,25,S,50,80,MS,100,80,S,100,8,4,6,100,55.8,4.4,S,MS,MS,无,国外,国外
I1B00016,MY000077,京10049,农林41,nong lin 41,Gramineae(禾本科),Triticum L.(小麦属),Triticum aestivum L.(普通小麦),无,无,日本,无,无,无,无,无,红,红,强冬,早,无,无,93,无,16.5,0.44,无,33.4,无,3,无,无,无,无,无,65,S,100,25,MS,100,80,S,100,5,3,7,100,91.7,5,S,MR,R,无,国外,国外
I1B00017,MY000078,京10050,农林42,nong lin 42,Gramineae(禾本科),Triticum L.(小麦属),Triticum aestivum L.(普通小麦),无,无,日本,无,无,无,无,长,白,红,强冬,中,无,无,95,无,18,0.45,无,14.9,无,4,无,无,无,无,无,40,S,100,80,S,100,80,S,100,6,3,5,100,87.5,4.8,S,S,R,无,国外,国外
I1B04585,MY000079,京11611,农林43,nong lin 43,Gramineae(禾本科),Triticum L.(小麦属),Triticum aestivum L.(普通小麦),无,无,日本,无,无,无,无,长,红,红,春,早,无,无,78,无,16.13,0.44,无,无,无,5,无,无,无,无,无,80,S,100,10,S,100,100,S,100,8,4,6,100,79.2,4.7,S,S,R,无,国外,国外
I1B00018,MY000080,京10051,农林44,nong lin 44,Gramineae(禾本科),Triticum L.(小麦属),Triticum aestivum L.(普通小麦),无,无,日本,无,无,无,无,无,白毛,红,冬,早,无,无,92,无,无,无,无,无,无,无,无,无,无,无,无,无,无,无,无,无,无,无,无,无,无,无,无,无,无,无,无,无,无,无,国外,国外
I1B00570,MY000081,京11591,农林45,nong lin 45,Gramineae(禾本科),Triticum L.(小麦属),Triticum aestivum L.(普通小麦),无,无,日本,无,无,无,无,长,红,红,春,中,无,无,80,无,无,无,无,47,无,无,3,无,无,无,无,无,无,无,无,无,无,无,无,无,无,无,无,无,无,无,无,无,无,无,国外,国外
I1B00490,MY000082,京10052,农林46,nong lin 46,Gramineae(禾本科),Triticum L.(小麦属),Triticum aestivum L.(普通小麦),无,无,日本,无,无,无,无,长,红,红,春,中,无,无,90,无,12.94,0.4,无,无,无,无,1,无,无,无,无,无,无,无,无,无,无,无,无,无,无,无,无,无,无,无,无,无,无,无,国外,国外
I1B04813,MY000083,京10053,农林47,nong lin 47,Gramineae(禾本科),Triticum L.(小麦属),Triticum aestivum L.(普通小麦),无,无,日本,无,无,无,无,长,红,红,春,中,无,无,90,无,12.09,0.35,无,无,无,无,无,无,无,无,无,100,S,100,65,MS,100,100,S,100,9,4,6,100,62.5,4.6,S,MS,MS,无,国外,国外
I1B00571,MY000084,京10054,农林48,nong lin 48,Gramineae(禾本科),Triticum L.(小麦属),Triticum aestivum L.(普通小麦),无,无,日本,无,无,无,无,长,红,红,弱冬,中,无,无,78,无,无,无,无,无,无,无,无,无,无,无,无,无,无,无,无,无,无,无,无,无,无,无,无,无,无,无,无,无,无,无,国外,国外
I1B07768,MY000085,京10055,农林50,nong lin 50,Gramineae(禾本科),Triticum L.(小麦属),Triticum aestivum L.(普通小麦),无,无,日本,无,无,无,无,长,红,红,冬,中,无,无,100,无,16.55,0.44,无,无,无,5,无,无,无,无,无,100,S,100,65,S,100,80,S,100,5,4,7,100,81.7,4.8,S,MR,R,无,国外,国外
I1B00572,MY000086,京11592,农林51,nong lin 51,Gramineae(禾本科),Triticum L.(小麦属),Triticum aestivum L.(普通小麦),无,无,日本,无,无,无,无,长,红,红,春,中,无,无,80,无,无,无,无,无,无,无,无,无,无,无,无,无,无,无,无,无,无,无,无,无,无,无,无,无,无,无,无,无,无,无,国外,国外
I1B00491,MY000087,京10056,农林52,nong lin 52,Gramineae(禾本科),Triticum L.(小麦属),Triticum aestivum L.(普通小麦),无,无,日本,无,无,无,无,长,红,红,春,中,无,无,90,无,无,无,无,无,无,无,无,无,无,无,无,无,无,无,无,无,无,无,无,无,无,无,无,无,无,无,无,无,无,无,国外,国外
I1B00573,MY000088,京11612,农林53,nong lin 53,Gramineae(禾本科),Triticum L.(小麦属),Triticum aestivum L.(普通小麦),无,无,日本,无,无,无,无,长,红,白,弱冬,早,无,无,80,无,无,无,无,无,无,无,无,无,无,无,无,无,无,无,无,无,无,无,无,无,无,无,无,无,无,无,无,无,无,无,国外,国外
I1B00019,MY000089,京10057,农林54,nong lin 54,Gramineae(禾本科),Triticum L.(小麦属),Triticum aestivum L.(普通小麦),无,无,日本,无,无,无,无,长,白,红,冬,极早,无,无,83,无,无,无,无,无,无,无,无,无,无,无,无,无,无,无,无,无,无,无,无,无,无,无,无,无,无,无,无,无,无,无,国外,国外
I1B00020,MY000090,京10058,农林55,nong lin 55,Gramineae(禾本科),Triticum L.(小麦属),Triticum aestivum L.(普通小麦),无,无,日本,无,无,无,无,无,红,红,冬,早,无,无,105,无,无,无,无,无,无,无,无,无,无,无,无,无,无,无,无,无,无,无,无,无,无,无,无,无,无,无,无,无,无,无,国外,国外
I1B00574,MY000091,京10059,农林56,nong lin 56,Gramineae(禾本科),Triticum L.(小麦属),Triticum aestivum L.(普通小麦),无,无,日本,无,无,无,无,长,红,红,弱冬,早,无,无,93,无,无,无,无,无,无,无,无,无,无,无,无,无,无,无,无,无,无,无,无,无,无,无,无,无,无,无,无,无,无,无,国外,国外
I1B07962,MY000092,京10060,农林57,nong lin 57,Gramineae(禾本科),Triticum L.(小麦属),Triticum aestivum L.(普通小麦),无,无,日本,无,无,无,无,长,红,红,冬,早,无,无,90,无,无,无,无,29.5,无,5,3,无,无,无,无,65,S,100,25,MS,100,80,S,100,7,4,4,100,89.2,4.8,S,S,R,无,国外,国外
I1B00021,MY000093,京10061,农林58,nong lin 58,Gramineae(禾本科),Triticum L.(小麦属),Triticum aestivum L.(普通小麦),无,无,日本,无,无,无,无,无,红毛,红,强冬,中,无,无,95,无,无,无,无,15.1,无,4,无,无,无,无,无,40,S,100,5,S,100,80,S,100,7,3,7,100,89.2,4.8,S,MR,R,无,国外,国外
I1B00022,MY000094,京10062,农林59,nong lin 59,Gramineae(禾本科),Triticum L.(小麦属),Triticum aestivum L.(普通小麦),无,无,日本,无,无,无,无,长,红,红,冬,早,无,无,85,无,无,无,无,无,无,无,无,无,无,无,无,无,无,无,无,无,无,无,无,无,无,无,无,无,无,无,无,无,无,无,国外,国外
I1B26190,MY000095,中75_95,农林60,nong lin 60,Gramineae(禾本科),Triticum L.(小麦属),Triticum aestivum L.(普通小麦),无,无,日本,无,无,无,无,长,红,红,弱冬,中,无,无,73,无,16.11,0.49,无,37.7,无,无,无,无,无,无,无,80,S,100,25,MS,100,80,S,100,5,4,3,100,72.5,4.6,S,MS,R,无,国外,国外
I1B07963,MY000096,京11593,农林61,nong lin 61,Gramineae(禾本科),Triticum L.(小麦属),Triticum aestivum L.(普通小麦),无,无,日本,无,无,无,无,无,红,红,弱冬,极早,无,无,104,无,无,无,无,15,无,4,无,无,无,无,无,无,无,无,25,S,100,无,无,无,无,无,无,100,80,4.7,S,MR,MR,无,国外,国外
I1B00023,MY000097,京10064,农林62,nong lin 62,Gramineae(禾本科),Triticum L.(小麦属),Triticum aestivum L.(普通小麦),无,无,日本,无,无,无,无,长,红,红,强冬,早,无,无,107,无,无,无,无,无,无,无,无,无,无,无,无,无,无,无,无,无,无,无,无,无,无,无,无,无,无,无,无,无,无,无,国外,国外
I1B00575,MY000098,京11613,农林63,nong lin 63,Gramineae(禾本科),Triticum L.(小麦属),Triticum aestivum L.(普通小麦),无,无,日本,无,无,无,无,长,白,红,弱冬,中,无,无,73,无,无,无,无,无,无,无,无,无,无,无,无,无,无,无,无,无,无,无,无,无,无,无,无,无,无,无,无,无,无,无,国外,国外
I1B26445,MY000099,京10065,农林64,nong lin 64,Gramineae(禾本科),Triticum L.(小麦属),Triticum aestivum L.(普通小麦),无,无,日本,无,无,无,无,长,红,红,冬,早,无,无,93,无,无,无,无,无,无,无,3,无,无,无,无,80,S,100,65,MS,100,80,S,100,8,4,3,100,68.3,4.3,S,MS,R,无,国外,国外
I1B00024,MY000100,京10066,农林65,nong lin 65,Gramineae(禾本科),Triticum L.(小麦属),Triticum aestivum L.(普通小麦),无,无,日本,无,无,无,无,无,红,红,强冬,极早,无,无,100,无,无,无,无,13.4,无,3,无,无,无,无,无,80,S,100,10,MS,100,65,S,100,7,4,6,100,67.5,4.6,S,S,R,无,国外,国外
I1B00025,MY000101,京10067,农林66,nong lin 66,Gramineae(禾本科),Triticum L.(小麦属),Triticum aestivum L.(普通小麦),无,无,日本,无,无,无,无,无,红,红,强冬,极早,无,无,105,无,无,无,无,20.5,无,3,无,无,无,无,无,65,S,100,10,S,100,80,S,100,7,4,7,100,67.5,4.6,S,S,R,无,国外,国外
I1B00026,MY000102,京10068,农林67,nong lin 67,Gramineae(禾本科),Triticum L.(小麦属),Triticum aestivum L.(普通小麦),无,无,日本,无,无,无,无,长,白,红,冬,中,无,无,98,无,11.25,0.32,无,23.9,无,4,无,无,无,无,无,65,S,100,40,S,100,65,S,100,8,4,5,100,85,4.8,S,S,R,无,国外,国外
I1B00027,MY000103,京10069,农林68,nong lin 68,Gramineae(禾本科),Triticum L.(小麦属),Triticum aestivum L.(普通小麦),无,无,日本,无,无,无,无,长,红,红,冬,中,无,无,94,无,无,无,无,无,无,无,无,无,无,无,无,无,无,无,无,无,无,无,无,无,无,无,无,无,无,无,无,无,无,无,国外,国外
I1B26191,MY000104,京10070,农林69,nong lin 69,Gramineae(禾本科),Triticum L.(小麦属),Triticum aestivum L.(普通小麦),无,无,日本,无,无,无,无,长,白,红,强冬,中,无,无,98,无,14.79,0.46,无,40,无,无,无,无,无,无,无,80,S,100,10,MS,100,100,S,100,4,3,3,100,43.3,4.1,S,MR,MR,无,国外,国外
I1B07964,MY000105,京10071,农林70,nong lin 70,Gramineae(禾本科),Triticum L.(小麦属),Triticum aestivum L.(普通小麦),无,无,日本,无,无,无,无,长,白,红,冬,中,无,无,80,无,无,无,无,32.6,无,4,无,无,无,无,无,65,S,100,100,MS,100,65,S,100,4,3,5,100,93.6,5,S,S,R,无,国外,国外
I1B00028,MY000106,京10072,农林71,nong lin 71,Gramineae(禾本科),Triticum L.(小麦属),Triticum aestivum L.(普通小麦),无,无,日本,无,无,无,无,长,白,红,冬,早,无,无,80,无,无,无,无,无,无,无,无,无,无,无,无,无,无,无,无,无,无,无,无,无,无,无,无,无,无,无,无,无,无,无,国外,国外
无,MY000107,京10073,农林72,nong lin 72,Gramineae(禾本科),Triticum L.(小麦属),Triticum aestivum L.(普通小麦),无,无,日本,无,无,无,无,长,红,红,冬,早,无,无,80,无,无,无,无,无,无,无,无,无,无,无,无,无,无,无,无,无,无,无,无,无,无,无,无,无,无,无,无,无,无,无,国外,国外
I1B27445,MY000108,京10074,农林73,nong lin 73,Gramineae(禾本科),Triticum L.(小麦属),Triticum aestivum L.(普通小麦),无,无,日本,无,无,无,无,无,红,红,冬,早,无,无,91,无,无,无,无,无,无,无,无,无,无,无,无,无,无,无,无,无,无,无,无,无,无,无,无,无,无,无,无,无,无,无,国外,国外
I1B10840,MY000109,京11614,农林75,nong lin 75,Gramineae(禾本科),Triticum L.(小麦属),Triticum aestivum L.(普通小麦),无,无,日本,无,无,无,无,长,白,红,春,中,无,无,107,无,16.01,0.47,无,13.5,无,无,无,无,无,无,无,无,无,无,无,无,无,无,无,无,无,无,无,无,无,无,无,无,无,无,国外,国外
I1B00191,MY000110,京11615,农林77,nong lin 77,Gramineae(禾本科),Triticum L.(小麦属),Triticum aestivum L.(普通小麦),无,无,日本,无,无,无,无,长,白,红,冬,中,无,无,85,无,无,无,无,无,无,3,无,无,无,无,无,无,无,无,无,无,无,无,无,无,无,无,无,无,无,无,无,无,无,无,国外,国外
I1B00192,MY000111,京11616,农林81,nong lin 81,Gramineae(禾本科),Triticum L.(小麦属),Triticum aestivum L.(普通小麦),无,无,日本,无,无,无,无,无,白,红,冬,极早,无,无,91,无,无,无,无,无,无,无,无,无,无,无,无,无,无,无,无,无,无,无,无,无,无,无,无,无,无,无,无,无,无,无,国外,国外
I1B00193,MY000112,京11617,农林82,nong lin 82,Gramineae(禾本科),Triticum L.(小麦属),Triticum aestivum L.(普通小麦),无,无,日本,无,无,无,无,无,红,红,冬,早,无,无,85,无,无,无,无,无,无,无,3,无,无,无,无,无,无,无,无,无,无,无,无,无,无,无,无,无,无,无,无,无,无,无,国外,国外
I1B27446,MY000113,京11618,农林87,nong lin 87,Gramineae(禾本科),Triticum L.(小麦属),Triticum aestivum L.(普通小麦),无,无,日本,无,无,无,无,长,白,红,冬,早,无,无,63,无,15.29,0.41,无,30.4,无,3,无,无,无,无,无,25,S,100,5,MS,100,65,S,100,6,4,7,100,80.8,4.7,S,S,R,无,国外,国外
I1B13868,MY000114,中73-162,农林89,nong lin 89,Gramineae(禾本科),Triticum L.(小麦属),Triticum aestivum L.(普通小麦),无,无,日本,无,无,无,无,长,白,红,弱冬,中,无,无,70,无,13.8,0.44,无,29.2,无,无,无,无,无,无,无,80,S,100,10,MS,100,100,S,100,8,4,4,100,78.3,4.4,S,MS,R,无,国外,国外
I1B00194,MY000115,京11619,农林90,nong lin 90,Gramineae(禾本科),Triticum L.(小麦属),Triticum aestivum L.(普通小麦),无,无,日本,无,无,无,无,无,红,红,冬,中,无,无,108,无,无,无,无,无,无,无,无,无,无,无,无,无,无,无,无,无,无,无,无,无,无,无,无,无,无,无,无,无,无,无,国外,国外
I1B00195,MY000116,京11620,农林91,nong lin 91,Gramineae(禾本科),Triticum L.(小麦属),Triticum aestivum L.(普通小麦),无,无,日本,无,无,无,无,长,红,红,冬,中,无,无,81,无,无,无,无,无,无,无,无,无,无,无,无,无,无,无,无,无,无,无,无,无,无,无,无,无,无,无,无,无,无,无,国外,国外
I1B07769,MY000117,京11621,农林94,nong lin 94,Gramineae(禾本科),Triticum L.(小麦属),Triticum aestivum L.(普通小麦),无,无,日本,无,无,无,无,顶,红,红,冬,中,无,无,93,无,14.96,0.43,无,25.2,无,3,无,无,无,无,无,10,R,10,5,S,100,80,S,100,4,3,7,100,91.7,5,S,S,R,无,国外,国外
I1B07965,MY000118,京11622,农林95,nong lin 95,Gramineae(禾本科),Triticum L.(小麦属),Triticum aestivum L.(普通小麦),无,无,日本,无,无,无,无,长,白,红,冬,早,无,无,84,无,无,无,无,36.8,无,4,无,无,无,无,无,25,S,100,10,MS,100,80,S,100,6,3,4,100,61.7,4.6,S,MR,R,无,国外,国外
I1B07966,MY000119,京11623,农林103,nong lin 103,Gramineae(禾本科),Triticum L.(小麦属),Triticum aestivum L.(普通小麦),无,无,日本,无,无,无,无,长,红,红,弱冬,中,无,无,64,无,无,无,无,50.6,无,5,无,无,无,无,无,25,MS,50,10,MS,100,40,S,100,8,4,5,100,73.3,4.7,S,S,R,无,国外,国外
I1B04586,MY000120,京11624,农林105,nong lin 105,Gramineae(禾本科),Triticum L.(小麦属),Triticum aestivum L.(普通小麦),无,无,日本,无,无,无,无,长,红,红,春,中,无,无,68,无,16.8,0.45,无,无,无,3,无,无,无,无,无,80,S,100,25,S,100,100,S,100,6,4,6,100,62.5,4.6,S,S,R,无,国外,国外
I1B04587,MY000121,京11625,农林106,nong lin 106,Gramineae(禾本科),Triticum L.(小麦属),Triticum aestivum L.(普通小麦),无,无,日本,无,无,无,无,长,红,红,春,中,无,无,60,无,16.06,0.43,无,无,无,4,无,无,无,无,无,80,S,100,40,S,100,100,S,100,6,4,6,100,71.7,4.6,S,S,R,无,国外,国外
I1B00577,MY000122,京11626,农林110,nong lin 110,Gramineae(禾本科),Triticum L.(小麦属),Triticum aestivum L.(普通小麦),无,无,日本,无,无,无,无,长,红,红,春,中,无,无,65,无,无,无,无,无,无,无,3,无,无,无,无,无,无,无,无,无,无,无,无,无,无,无,无,无,无,无,无,无,无,无,国外,国外
I1B04588,MY000123,京11627,农林112,nong lin 112,Gramineae(禾本科),Triticum L.(小麦属),Triticum aestivum L.(普通小麦),无,无,日本,无,无,无,无,长,红,红,春,中,无,无,74,无,16.05,0.42,无,无,无,5,无,无,无,无,无,80,S,100,5,MS,100,100,S,100,7,4,6,100,87.5,4.8,S,S,R,无,国外,国外
I1B00002,MY000124,京10010,无,诺道洛格,Gramineae(禾本科),Triticum L.(小麦属),Triticum aestivum L.(普通小麦),无,无,朝鲜,无,无,无,无,长,白,红,强冬,中,无,无,124,无,16.39,0.43,无,22.2,无,3,无,无,无,无,无,80,S,100,80,S,100,65,S,100,7,4,7,100,91.7,5,S,MR,R,无,国外,国外
I1B00196,MY000125,京11628,无,(P)平壤麦1号,Gramineae(禾本科),Triticum L.(小麦属),Triticum aestivum L.(普通小麦),无,无,朝鲜,无,无,无,无,无,白,红,冬,中,无,无,100,无,无,无,无,无,无,无,无,无,无,无,无,无,无,无,无,无,无,无,无,无,无,无,无,无,无,无,无,无,无,无,国外,国外
I1B00197,MY000126,京11629,无,平壤麦2号,Gramineae(禾本科),Triticum L.(小麦属),Triticum aestivum L.(普通小麦),无,无,朝鲜,无,无,无,无,无,白,红,冬,中,无,无,108,无,无,无,无,无,无,5,无,无,无,无,无,无,无,无,无,无,无,无,无,无,无,无,无,无,无,无,无,无,无,无,国外,国外
I1B03527,MY000127,苏10049,无,(Q)琦玉27,Gramineae(禾本科),Triticum L.(小麦属),Triticum aestivum L.(普通小麦),无,无,日本,无,无,无,无,长,白,红,春,早,无,无,90,无,无,无,无,无,无,5,无,无,无,无,无,25,MS,50,40,MS,100,80,S,100,6,3,4,96,78,4.9,S,MS,R,无,国外,国外
I1B07967,MY000128,京10083,ァオバコムギ,青叶小麦,Gramineae(禾本科),Triticum L.(小麦属),Triticum aestivum L.(普通小麦),无,无,日本,无,无,无,无,无,白,红,冬,早,无,无,95,无,无,无,无,14.1,无,3,无,无,无,无,无,25,S,50,25,MS,100,25,S,100,5,4,5,100,66.7,4.6,S,MS,R,无,国外,国外
无,MY000129,中75-125,コブシコムギ,拳小麦,Gramineae(禾本科),Triticum L.(小麦属),Triticum aestivum L.(普通小麦),无,无,日本,无,无,无,无,长,红,红,弱冬,无,无,无,75,无,无,无,无,无,无,无,无,无,无,无,无,无,无,无,无,无,无,无,无,无,无,无,无,无,无,无,无,无,无,无,国外,国外
I1B00034,MY000130,京10094,スソノコムギ,裙小麦,Gramineae(禾本科),Triticum L.(小麦属),Triticum aestivum L.(普通小麦),无,无,日本,无,无,无,无,长,白,红,冬,早,无,无,85,无,15.76,0.43,无,27.9,无,3,无,无,无,无,无,25,S,100,65,S,100,80,S,100,5,3,7,100,90,4.9,S,S,R,无,国外,国外
I1B00006,MY000131,京10018,ヒツミコムギ,(R)日积小麦,Gramineae(禾本科),Triticum L.(小麦属),Triticum aestivum L.(普通小麦),无,无,日本,无,无,无,无,无,白,红,冬,早,无,无,104,无,无,无,无,无,无,无,无,无,无,无,无,无,无,无,无,无,无,无,无,无,无,无,无,无,无,无,无,无,无,无,国外,国外
I1B07770,MY000132,京10011,无,(S)三尺小麦,Gramineae(禾本科),Triticum L.(小麦属),Triticum aestivum L.(普通小麦),无,无,日本,无,无,无,无,无,白,红,冬,极早,无,无,80,无,13.74,0.39,无,26.1,无,3,4,无,无,无,无,80,S,100,5,S,100,80,S,100,6,4,7,100,83.3,4.8,S,S,R,无,国外,国外
I1B00003,MY000133,京10012,无,三洲小麦,Gramineae(禾本科),Triticum L.(小麦属),Triticum aestivum L.(普通小麦),无,无,日本,无,无,无,无,长,红,红,冬,中,无,无,130,无,无,无,无,21,无,3,无,无,无,无,无,40,S,100,80,MS,100,100,S,100,6,4,7,100,90,4.9,S,MR,R,无,国外,国外
I1B00029,MY000134,京10080,サキコゥコムギ,沙丘小麦,Gramineae(禾本科),Triticum L.(小麦属),Triticum aestivum L.(普通小麦),无,无,日本,无,无,无,无,长,红,红,冬,中,无,无,110,无,无,无,无,20.4,无,4,无,无,无,无,无,65,S,100,25,MS,100,80,S,100,7,4,5,100,79.2,4.7,S,MR,R,无,国外,国外
I1B00578,MY000135,京11630,无,实利小麦,Gramineae(禾本科),Triticum L.(小麦属),Triticum aestivum L.(普通小麦),无,无,加拿大,无,无,无,无,长,白,红,春,晚,无,无,100,无,无,无,无,无,无,无,无,无,无,无,无,无,无,无,无,无,无,无,无,无,无,无,无,无,无,无,无,无,无,无,国外,国外
I1B00579,MY000136,京10021,ァトシコムギ,矢富小麦,Gramineae(禾本科),Triticum L.(小麦属),Triticum aestivum L.(普通小麦),无,无,日本,无,无,无,无,长,白,红,弱冬,晚,无,无,83,无,无,无,无,无,无,无,无,无,无,无,无,无,无,无,无,无,无,无,无,无,无,无,无,无,无,无,无,无,无,无,国外,国外
I1B06442,MY000137,陕Y8,无,小毛,Gramineae(禾本科),Triticum L.(小麦属),Triticum aestivum L.(普通小麦),无,无,无,无,无,无,无,无,白,红,弱冬,中,无,无,81,无,11.04,0.38,17.8,40.3,无,4,无,无,无,无,无,65,S,100,25,MS,100,100,S,100,7,4,6,100,95.8,5,S,MR,R,无,国外,国外
I1B07771,MY000138,京10001,无,水源11,Gramineae(禾本科),Triticum L.(小麦属),Triticum aestivum L.(普通小麦),无,无,朝鲜,无,无,无,无,短,红毛,白,强冬,极早,无,无,120,无,17.08,0.46,无,27.2,无,3,4,无,无,无,无,10,R,10,80,S,100,80,S,100,6,3,7,100,91.7,5,S,S,R,无,国外,国外
I1B07772,MY000139,京10002,无,水源85,Gramineae(禾本科),Triticum L.(小麦属),Triticum aestivum L.(普通小麦),无,无,朝鲜,无,无,无,无,长,红,红,强冬,中,无,无,130,无,18.78,0.46,无,15,无,4,无,无,无,无,无,40,S,100,5,MS,100,80,S,100,6,4,6,100,92.5,5,S,S,R,无,国外,国外
I1B07773,MY000140,京10003,无,水源86,Gramineae(禾本科),Triticum L.(小麦属),Triticum aestivum L.(普通小麦),无,无,朝鲜,无,无,无,无,长,白,红,强冬,早,无,无,68,无,15.79,0.42,无,无,无,3,5,无,无,无,无,80,S,100,5,MS,100,80,S,100,7,4,7,100,83.3,4.8,S,MR,R,无,国外,国外
I1B07774,MY000141,京10004,无,水源96,Gramineae(禾本科),Triticum L.(小麦属),Triticum aestivum L.(普通小麦),无,无,朝鲜,无,无,无,无,无,白,红,强冬,早,无,无,115,无,17.47,0.46,无,25.2,无,3,3,无,无,无,无,80,S,100,80,S,100,80,S,100,5,3,7,100,83.3,4.8,S,S,R,无,国外,国外
I1B27447,MY000142,京10005,无,水源道杂交,Gramineae(禾本科),Triticum L.(小麦属),Triticum aestivum L.(普通小麦),无,无,朝鲜,无,无,无,无,长,白,红,强冬,中,无,无,145,无,无,无,无,无,无,无,无,无,无,无,无,无,无,无,无,无,无,无,无,无,无,无,无,无,无,无,无,无,无,无,国外,国外
I1B07775,MY000143,京10084,无,所泽,Gramineae(禾本科),Triticum L.(小麦属),Triticum aestivum L.(普通小麦),无,无,日本,无,无,无,无,长曲,白,红,冬,中,无,无,134,无,16.7,0.44,无,19,无,4,无,无,无,无,无,40,S,100,80,S,100,80,S,100,6,4,7,100,83.3,4.8,S,S,R,无,国外,国外
I1B00492,MY000144,京10081,无,(W)尾鸟早生,Gramineae(禾本科),Triticum L.(小麦属),Triticum aestivum L.(普通小麦),无,无,日本,无,无,无,无,长,红,红,春,晚,无,无,100,无,无,无,无,无,无,无,无,无,无,无,无,无,无,无,无,无,无,无,无,无,无,无,无,无,无,无,无,无,无,无,国外,国外
I1B00008,MY000145,京10024,无,(X)西村,Gramineae(禾本科),Triticum L.(小麦属),Triticum aestivum L.(普通小麦),无,无,日本,无,无,无,无,长,白,红,冬,早,无,无,100,无,无,无,无,无,无,无,无,无,无,无,无,无,无,无,无,无,无,无,无,无,无,无,无,无,无,无,无,无,无,无,国外,国外
I1B00032,MY000146,京10086,无,相州1号,Gramineae(禾本科),Triticum L.(小麦属),Triticum aestivum L.(普通小麦),无,无,日本,无,无,无,无,无,红,红,冬,极早,无,无,84,无,无,无,无,16.5,无,5,无,无,无,无,无,25,S,100,5,MS,100,80,S,100,8,4,7,100,81.7,4.8,S,MS,R,无,国外,国外
I1B04814,MY000147,京10087,无,相州2号,Gramineae(禾本科),Triticum L.(小麦属),Triticum aestivum L.(普通小麦),无,无,日本,无,无,无,无,无,红,红,春,晚,无,无,114,无,13.92,0.38,无,无,无,无,无,无,无,无,无,25,S,50,80,MS,100,80,S,100,7,4,6,100,61.7,4.6,S,MS,R,无,国外,国外
I1B00004,MY000148,京10014,无,小吉野暮,Gramineae(禾本科),Triticum L.(小麦属),Triticum aestivum L.(普通小麦),无,无,日本,无,无,无,无,长,白,红,冬,早,无,无,75,无,无,无,无,无,无,无,无,无,无,无,无,无,无,无,无,无,无,无,无,无,无,无,无,无,无,无,无,无,无,无,国外,国外
I1B27448,MY000149,京10015,コケシコムギ,小樱粟,Gramineae(禾本科),Triticum L.(小麦属),Triticum aestivum L.(普通小麦),无,无,日本,无,无,无,无,长,白,红,冬,早,无,无,70,无,无,无,无,26.1,无,3,无,无,无,无,无,40,S,100,80,MS,100,80,S,100,8,3,3,100,84.2,4.8,S,S,R,无,国外,国外
I1B04815,MY000150,京10093,无,新四早生,Gramineae(禾本科),Triticum L.(小麦属),Triticum aestivum L.(普通小麦),无,无,日本,无,无,无,无,长,红,红,春,中,无,无,90,无,14.55,0.4,无,无,无,无,无,无,无,无,无,25,S,50,10,MS,100,100,S,100,8,4,6,100,83.3,4.8,S,S,R,无,国外,国外
I1B00493,MY000151,京10092,新中长,xin zhong chang,Gramineae(禾本科),Triticum L.(小麦属),Triticum aestivum L.(普通小麦),无,无,日本,无,无,无,无,长,红,红,春,中,无,无,88,无,无,无,无,28.8,无,无,无,无,无,无,无,无,无,无,无,无,无,无,无,无,无,无,无,无,无,无,无,无,无,无,国外,国外
I1B07776,MY000152,京10007,无,选出种,Gramineae(禾本科),Triticum L.(小麦属),Triticum aestivum L.(普通小麦),无,无,朝鲜,无,无,无,无,长,白,红,强冬,中,无,无,75,无,15.79,0.43,无,20,无,4,无,无,无,无,无,40,S,100,5,S,100,80,S,100,6,4,6,100,87.5,4.8,S,S,R,无,国外,国外
I1B03528,MY000153,苏10063,无,魁小麦,Gramineae(禾本科),Triticum L.(小麦属),Triticum aestivum L.(普通小麦),无,无,日本,无,无,无,无,长,红,红,春,早,无,无,80,无,无,无,无,无,无,3,无,无,无,无,无,25,MS,50,60,S,100,80,S,100,6,3,4,100,56,4.1,S,MS,R,无,国外,国外
I1B00001,MY000154,京10006,无,(Y)育成3号,Gramineae(禾本科),Triticum L.(小麦属),Triticum aestivum L.(普通小麦),无,无,朝鲜,无,无,无,无,长,白,红,强冬,极早,无,无,91,无,无,无,无,无,无,无,无,无,无,无,无,无,无,无,无,无,无,无,无,无,无,无,无,无,无,无,无,无,无,无,国外,国外
I1B00185,MY000155,京11594,无,御国,Gramineae(禾本科),Triticum L.(小麦属),Triticum aestivum L.(普通小麦),无,无,日本,无,无,无,无,长,红,红,冬,极早,无,无,无,无,无,无,无,无,无,无,无,无,无,无,无,无,无,无,无,无,无,无,无,无,无,无,无,无,无,无,无,无,无,无,国外,国外
I1B00007,MY000156,京10023,(Z)早生入梅,(Z)zao sheng ru mei,Gramineae(禾本科),Triticum L.(小麦属),Triticum aestivum L.(普通小麦),无,无,日本,无,无,无,无,长,白,红,冬,极早,无,无,78,无,无,无,无,无,无,无,无,无,无,无,无,无,无,无,无,无,无,无,无,无,无,无,无,无,无,无,无,无,无,无,国外,国外
I1B07968,MY000157,京10088,贞坊主,zhen fang zhu,Gramineae(禾本科),Triticum L.(小麦属),Triticum aestivum L.(普通小麦),无,无,日本,无,无,无,无,无,白,红,冬,中,无,无,103,无,无,无,无,15.7,无,4,无,无,无,无,无,10,MS,50,5,MS,100,65,S,100,6,4,5,100,81.7,4.8,S,MS,R,无,国外,国外
I1B00580,MY000158,京11596,无,中高秆36,Gramineae(禾本科),Triticum L.(小麦属),Triticum aestivum L.(普通小麦),无,无,无,无,无,无,无,长,白,红,弱冬,早,无,无,61,无,无,无,无,无,无,无,无,无,无,无,无,无,无,无,无,无,无,无,无,无,无,无,无,无,无,无,无,无,无,无,国外,国外
I1B00069,MY000159,京10400,A15,A 15,Gramineae(禾本科),Triticum L.(小麦属),Triticum aestivum L.(普通小麦),无,无,无,无,无,无,无,长,白,红,强冬,中,无,无,110,无,无,无,无,无,无,无,无,无,无,无,无,无,无,无,无,无,无,无,无,无,无,无,无,无,无,无,无,无,无,无,国外,国外
I1B00494,MY000160,京10955,A109/5,A 109/5,Gramineae(禾本科),Triticum L.(小麦属),Triticum aestivum L.(普通小麦),无,无,无,无,无,无,无,顶,白,白,春,晚,无,无,62,无,16.08,0.48,无,19.9,无,无,无,无,无,无,无,40,S,100,65,MS,100,80,S,100,4,4,4,100,83.3,4.7,S,MS,R,无,国外,国外
I1B00495,MY000161,京10539,Abbondanza,"阿勃,阿勃登萨",Gramineae(禾本科),Triticum L.(小麦属),Triticum aestivum L.(普通小麦),无,无,意大利,无,无,无,无,无,白,红,春,中,无,无,90,无,无,无,无,无,无,无,1,无,无,无,无,无,无,无,无,无,无,无,无,无,无,无,无,无,无,无,无,无,无,无,国外,国外
I1B00496,MY000162,京10958,Abbon×Skorosp.273/9F7,阿勃×早熟273/9F7,Gramineae(禾本科),Triticum L.(小麦属),Triticum aestivum L.(普通小麦),无,无,阿尔巴尼亚,无,无,无,无,无,白,红,春,中,无,无,70,无,无,无,无,26.5,无,无,无,无,无,无,无,无,无,无,无,无,无,无,无,无,无,无,无,无,无,无,无,无,无,无,国外,国外
I1B00497,MY000163,京10959,Abbon×Skorosp.277/4F7,阿勃×早熟277/4F7,Gramineae(禾本科),Triticum L.(小麦属),Triticum aestivum L.(普通小麦),无,无,阿尔巴尼亚,无,无,无,无,顶,无,红,春,晚,无,无,94,无,无,无,无,无,无,无,无,无,无,无,无,无,无,无,无,无,无,无,无,无,无,无,无,无,无,无,无,无,无,无,国外,国外
I1B00498,MY000164,京10960,Abbon×Skorosp.277/9F7,阿勃×早熟277/9F7,Gramineae(禾本科),Triticum L.(小麦属),Triticum aestivum L.(普通小麦),无,无,阿尔巴尼亚,无,无,无,无,无,白,红,春,中,无,无,73,无,无,无,无,无,无,无,无,无,无,无,无,无,无,无,无,无,无,无,无,无,无,无,无,无,无,无,无,无,无,无,国外,国外
I1B04442,MY000165,京10956,Abed Danice,阿贝德.丹尼斯,Gramineae(禾本科),Triticum L.(小麦属),Triticum aestivum L.(普通小麦),无,无,丹麦,无,无,无,无,无,白,红,冬,极晚,无,无,130,无,无,无,无,无,无,无,无,无,无,无,无,无,无,无,无,无,无,无,无,无,无,无,无,无,无,无,无,无,无,无,国外,国外
I1B04589,MY000166,京11631,Aberdeen Triple Dwarf,阿伯登三矮麦,Gramineae(禾本科),Triticum L.(小麦属),Triticum aestivum L.(普通小麦),无,无,美国,无,无,无,无,无,白,白,春,极晚,无,无,49,无,15.99,0.44,无,无,无,无,无,无,无,无,无,25,MS,50,5,MS,100,100,S,100,5,4,6,100,100,5,S,S,R,无,国外,国外
无,MY000167,黑72-01,Abott,阿博特,Gramineae(禾本科),Triticum L.(小麦属),Triticum aestivum L.(普通小麦),无,无,无,无,无,无,无,无,白,红,春,晚,无,无,103,无,无,无,无,无,无,无,无,无,无,无,无,无,无,无,无,无,无,无,无,无,无,无,无,无,无,无,无,无,无,无,国外,国外
无,MY000168,中178,Abura,阿布拉,Gramineae(禾本科),Triticum L.(小麦属),Triticum aestivum L.(普通小麦),无,无,墨西哥,无,无,无,无,无,红,红,春,晚,无,无,80,无,无,无,无,无,无,无,无,无,无,无,无,无,无,无,无,无,无,无,无,无,无,无,无,无,无,无,无,无,无,无,国外,国外
I1B10768,MY000169,京10961,Acciaio,阿克西奥,Gramineae(禾本科),Triticum L.(小麦属),Triticum aestivum L.(普通小麦),无,无,意大利,无,无,无,无,顶,白,红,春,晚,无,无,50,无,无,无,无,24.9,无,无,无,无,无,无,无,无,无,无,无,无,无,无,无,无,无,无,无,无,无,无,无,无,无,无,国外,国外
I1B07777,MY000170,京11632,Acciaio 2201,阿克西奥2201,Gramineae(禾本科),Triticum L.(小麦属),Triticum aestivum L.(普通小麦),无,无,意大利,无,无,无,无,无,白,红,冬,中,无,无,63,无,15.56,0.42,无,24.5,无,2,无,无,无,无,无,无,0,无,5,S,100,80,S,100,5,3,6,100,58.3,4.5,S,S,R,无,国外,国外
I1B26192,MY000171,京10962,Ace,艾斯,Gramineae(禾本科),Triticum L.(小麦属),Triticum aestivum L.(普通小麦),无,无,美国,无,无,无,无,无,白,红,冬,晚,无,无,118,无,15.7,0.47,无,35.3,无,无,无,无,无,无,无,40,MS,100,5,MS,100,100,S,100,3,3,3,100,62.5,4.4,S,MS,R,无,国外,国外
I1B04816,MY000172,京10674,Acimital,阿西米特尔,Gramineae(禾本科),Triticum L.(小麦属),Triticum aestivum L.(普通小麦),无,无,澳大利亚,无,无,无,无,无,白,白,春,中,无,无,120,无,11.92,0.32,无,无,无,无,无,无,无,无,无,无,0,无,10,MS,100,80,S,100,6,4,6,100,62.5,4.6,S,S,R,无,国外,国外
